{
  "files": [
    {
      "path": "data/experimental/raw/afm/Nis_Ag_30s_2um_001.stp",
      "rows": 256,
      "cols": 256,
      "x_size_um": 2.0,
      "y_size_um": 2.0,
      "dx_nm": 7.8125,
      "dy_nm": 7.8125,
      "z_min_nm": -15.007735957794754,
      "z_max_nm": 18.473271379754348,
      "z_mean_nm": -0.001135140864288342,
      "z_std_nm": 4.166028047525363,
      "percentile_p01_nm": -10.548769599275051,
      "percentile_p50_nm": 0.6996468942007246,
      "percentile_p99_nm": 8.561879537319449,
      "baseline_nm": -1.4207646963480756,
      "threshold_nm": 1.553127585447847,
      "threshold_sigma": 0.6212510341791389,
      "coverage_fraction": 0.340087890625,
      "island_count": 231,
      "number_density_per_um2": 57.75,
      "equivalent_thickness_nm": 1.059820863713843,
      "mean_island_height_nm": 2.894043440801542,
      "mean_equivalent_radius_nm": 39.11868832669561,
      "std_equivalent_radius_nm": 18.55383773566624,
      "mean_volume_nm3": 18351.876427945335
    },
    {
      "path": "data/experimental/raw/afm/Nis_Ag_30s_2um_002.stp",
      "rows": 256,
      "cols": 256,
      "x_size_um": 2.0,
      "y_size_um": 2.0,
      "dx_nm": 7.8125,
      "dy_nm": 7.8125,
      "z_min_nm": -10.37581573486328,
      "z_max_nm": 9.673922317504884,
      "z_mean_nm": -0.007770369458710774,
      "z_std_nm": 1.1171123433479564,
      "percentile_p01_nm": -2.6855052490234375,
      "percentile_p50_nm": 0.0,
      "percentile_p99_nm": 2.7465394592285155,
      "baseline_nm": -0.5202055822598548,
      "threshold_nm": 0.7389958015596111,
      "threshold_sigma": 0.29559832062384445,
      "coverage_fraction": 0.2395477294921875,
      "island_count": 327,
      "number_density_per_um2": 81.75,
      "equivalent_thickness_nm": 0.2764642590384967,
      "mean_island_height_nm": 1.1367361216668985,
      "mean_equivalent_radius_nm": 29.36243452116087,
      "std_equivalent_radius_nm": 8.400843592211416,
      "mean_volume_nm3": 3381.8257986360454
    },
    {
      "path": "data/experimental/raw/afm/Nis_Ag_30s_2um_003.stp",
      "rows": 256,
      "cols": 256,
      "x_size_um": 2.0,
      "y_size_um": 2.0,
      "dx_nm": 7.8125,
      "dy_nm": 7.8125,
      "z_min_nm": -15.550909873962404,
      "z_max_nm": 9.052596069335937,
      "z_mean_nm": -12.1916892004502,
      "z_std_nm": 1.746340547769729,
      "percentile_p01_nm": -14.199612159729005,
      "percentile_p50_nm": -12.485771156311035,
      "percentile_p99_nm": -3.1368234134673836,
      "baseline_nm": -0.541061142208358,
      "threshold_nm": 0.5674343743695827,
      "threshold_sigma": 0.22697374974783305,
      "coverage_fraction": 0.3151702880859375,
      "island_count": 185,
      "number_density_per_um2": 46.25,
      "equivalent_thickness_nm": 0.38778991505345245,
      "mean_island_height_nm": 1.0597271810251367,
      "mean_equivalent_radius_nm": 38.030951803357546,
      "std_equivalent_radius_nm": 26.884328251992965,
      "mean_volume_nm3": 8384.646811966537
    }
  ],
  "aggregate": {
    "n_files": 3,
    "coverage_fraction_mean": 0.2982686360677083,
    "coverage_fraction_std": 0.04274989575708115,
    "equivalent_thickness_nm_mean": 0.5746916792685974,
    "equivalent_thickness_nm_std": 0.34603573478488414,
    "mean_equivalent_radius_nm_mean": 35.504024883738005,
    "mean_equivalent_radius_nm_std": 4.365405045913165,
    "number_density_per_um2_mean": 61.916666666666664,
    "number_density_per_um2_std": 14.789260367652677,
    "island_count_mean": 247.66666666666666,
    "island_count_std": 59.15704147061071
  }
}