{
  "files": [
    {
      "path": "data/experimental/raw/afm/Nis_Ag_30s_2um_003.stp",
      "rows": 256,
      "cols": 256,
      "x_size_um": 2.0,
      "y_size_um": 2.0,
      "dx_nm": 7.8125,
      "dy_nm": 7.8125,
      "z_min_nm": -15.550909873962404,
      "z_max_nm": 9.052596069335937,
      "z_mean_nm": -12.1916892004502,
      "z_std_nm": 1.746340547769729,
      "percentile_p01_nm": -14.199612159729005,
      "percentile_p50_nm": -12.485771156311035,
      "percentile_p99_nm": -3.1368234134673836,
      "baseline_nm": -0.541061142208358,
      "threshold_nm": 0.4539474994956661,
      "threshold_sigma": 0.22697374974783305,
      "coverage_fraction": 0.4410247802734375,
      "island_count": 219,
      "number_density_per_um2": 54.75,
      "equivalent_thickness_nm": 0.4647751811237686,
      "mean_island_height_nm": 0.8458415144735261,
      "mean_equivalent_radius_nm": 33.85137943361905,
      "std_equivalent_radius_nm": 37.658317899594124,
      "mean_p95_height_nm": 1.4447400483328048,
      "mean_height_equivalent_radius_nm": 0.42292075723676303,
      "mean_p95_height_equivalent_radius_nm": 0.7223700241664024,
      "mean_volume_equivalent_radius_nm": 8.460043540701262,
      "std_volume_equivalent_radius_nm": 5.746507663376652,
      "mean_volume_nm3": 8489.044404087097
    }
  ],
  "aggregate": {
    "n_files": 1,
    "coverage_fraction_mean": 0.4410247802734375,
    "coverage_fraction_std": 0.0,
    "equivalent_thickness_nm_mean": 0.4647751811237686,
    "equivalent_thickness_nm_std": 0.0,
    "mean_equivalent_radius_nm_mean": 33.85137943361905,
    "mean_equivalent_radius_nm_std": 0.0,
    "mean_p95_height_nm_mean": 1.4447400483328048,
    "mean_p95_height_nm_std": 0.0,
    "mean_height_equivalent_radius_nm_mean": 0.42292075723676303,
    "mean_height_equivalent_radius_nm_std": 0.0,
    "mean_p95_height_equivalent_radius_nm_mean": 0.7223700241664024,
    "mean_p95_height_equivalent_radius_nm_std": 0.0,
    "mean_volume_equivalent_radius_nm_mean": 8.460043540701262,
    "mean_volume_equivalent_radius_nm_std": 0.0,
    "number_density_per_um2_mean": 54.75,
    "number_density_per_um2_std": 0.0,
    "island_count_mean": 219.0,
    "island_count_std": 0.0
  }
}