{
  "files": [
    {
      "path": "data/experimental/raw/afm/Nis_Ag_10s_2um_001.stp",
      "rows": 256,
      "cols": 256,
      "x_size_um": 2.0,
      "y_size_um": 2.0,
      "dx_nm": 7.8125,
      "dy_nm": 7.8125,
      "z_min_nm": -15.139261702949693,
      "z_max_nm": 24.760079272301102,
      "z_mean_nm": -0.05269408678759324,
      "z_std_nm": 4.900625425739469,
      "percentile_p01_nm": -11.158281947884307,
      "percentile_p50_nm": 0.030981269269824675,
      "percentile_p99_nm": 12.021450335370181,
      "baseline_nm": -3.2870026579769647,
      "threshold_nm": 3.7296221944348833,
      "threshold_sigma": 1.4918488777739534,
      "coverage_fraction": 0.3107452392578125,
      "island_count": 236,
      "number_density_per_um2": 59.0,
      "equivalent_thickness_nm": 2.2327661908169483,
      "mean_island_height_nm": 6.818787192332,
      "mean_equivalent_radius_nm": 37.89573789697586,
      "std_equivalent_radius_nm": 15.50513946815419,
      "mean_volume_nm3": 37843.49475960929
    },
    {
      "path": "data/experimental/raw/afm/Nis_Ag_10s_2um_002.stp",
      "rows": 256,
      "cols": 256,
      "x_size_um": 2.0,
      "y_size_um": 2.0,
      "dx_nm": 7.8125,
      "dy_nm": 7.8125,
      "z_min_nm": -28.808147216796876,
      "z_max_nm": 14.129419662475586,
      "z_mean_nm": -0.0014868334440980107,
      "z_std_nm": 2.726889050232522,
      "percentile_p01_nm": -6.317040756225586,
      "percentile_p50_nm": 0.12206842041015625,
      "percentile_p99_nm": 6.042386810302735,
      "baseline_nm": -2.735789267593483,
      "threshold_nm": 4.238382372317076,
      "threshold_sigma": 1.6953529489268306,
      "coverage_fraction": 0.0796356201171875,
      "island_count": 165,
      "number_density_per_um2": 41.25,
      "equivalent_thickness_nm": 0.49271636410157205,
      "mean_island_height_nm": 6.196693300748267,
      "mean_equivalent_radius_nm": 24.343044978595675,
      "std_equivalent_radius_nm": 4.683230752098635,
      "mean_volume_nm3": 11944.63912973508
    },
    {
      "path": "data/experimental/raw/afm/Nis_Ag_10s_2um_003.stp",
      "rows": 256,
      "cols": 256,
      "x_size_um": 2.0,
      "y_size_um": 2.0,
      "dx_nm": 7.8125,
      "dy_nm": 7.8125,
      "z_min_nm": -18.467735427856447,
      "z_max_nm": 7.7232706756591805,
      "z_mean_nm": -11.519103379231414,
      "z_std_nm": 1.869235826235907,
      "percentile_p01_nm": -15.09498422241211,
      "percentile_p50_nm": -11.689274536132814,
      "percentile_p99_nm": -4.176663483810417,
      "baseline_nm": -1.4958559927019397,
      "threshold_nm": 1.9684256892124827,
      "threshold_sigma": 0.7873702756849931,
      "coverage_fraction": 0.113006591796875,
      "island_count": 150,
      "number_density_per_um2": 37.5,
      "equivalent_thickness_nm": 0.41376572766523,
      "mean_island_height_nm": 3.256755921303333,
      "mean_equivalent_radius_nm": 28.23063748443841,
      "std_equivalent_radius_nm": 12.738165115080651,
      "mean_volume_nm3": 11033.752737739465
    }
  ],
  "aggregate": {
    "n_files": 3,
    "coverage_fraction_mean": 0.16779581705729166,
    "coverage_fraction_std": 0.10199447180544867,
    "equivalent_thickness_nm_mean": 1.0464160941945835,
    "equivalent_thickness_nm_std": 0.839495171542734,
    "mean_equivalent_radius_nm_mean": 30.156473453336645,
    "mean_equivalent_radius_nm_std": 5.6979823604093855,
    "number_density_per_um2_mean": 45.916666666666664,
    "number_density_per_um2_std": 9.3771293878007,
    "island_count_mean": 183.66666666666666,
    "island_count_std": 37.5085175512028
  }
}