{
  "files": [
    {
      "path": "data/experimental/raw/afm/Nis_Ag_10s_2um_001.stp",
      "rows": 256,
      "cols": 256,
      "x_size_um": 2.0,
      "y_size_um": 2.0,
      "dx_nm": 7.8125,
      "dy_nm": 7.8125,
      "z_min_nm": -15.139261702949693,
      "z_max_nm": 24.760079272301102,
      "z_mean_nm": -0.05269408678759324,
      "z_std_nm": 4.900625425739469,
      "percentile_p01_nm": -11.158281947884307,
      "percentile_p50_nm": 0.030981269269824675,
      "percentile_p99_nm": 12.021450335370181,
      "baseline_nm": -2.5050003189791115,
      "threshold_nm": 2.55573759980778,
      "threshold_sigma": 1.022295039923112,
      "coverage_fraction": 0.3579254150390625,
      "island_count": 188,
      "number_density_per_um2": 47.0,
      "equivalent_thickness_nm": 1.9334792096609212,
      "mean_island_height_nm": 5.032707706241094,
      "mean_equivalent_radius_nm": 44.36653336305574,
      "std_equivalent_radius_nm": 21.34663351732417,
      "mean_volume_nm3": 41137.855524700455
    },
    {
      "path": "data/experimental/raw/afm/Nis_Ag_10s_2um_002.stp",
      "rows": 256,
      "cols": 256,
      "x_size_um": 2.0,
      "y_size_um": 2.0,
      "dx_nm": 7.8125,
      "dy_nm": 7.8125,
      "z_min_nm": -28.808147216796876,
      "z_max_nm": 14.129419662475586,
      "z_mean_nm": -0.0014868334440980107,
      "z_std_nm": 2.726889050232522,
      "percentile_p01_nm": -6.317040756225586,
      "percentile_p50_nm": 0.12206842041015625,
      "percentile_p99_nm": 6.042386810302735,
      "baseline_nm": -1.5079297560256166,
      "threshold_nm": 2.2206916787353377,
      "threshold_sigma": 0.8882766714941351,
      "coverage_fraction": 0.24969482421875,
      "island_count": 284,
      "number_density_per_um2": 71.0,
      "equivalent_thickness_nm": 0.8287620491003937,
      "mean_island_height_nm": 3.2669033049905574,
      "mean_equivalent_radius_nm": 31.92103441456049,
      "std_equivalent_radius_nm": 10.024412436132282,
      "mean_volume_nm3": 11672.704916906952
    },
    {
      "path": "data/experimental/raw/afm/Nis_Ag_10s_2um_003.stp",
      "rows": 256,
      "cols": 256,
      "x_size_um": 2.0,
      "y_size_um": 2.0,
      "dx_nm": 7.8125,
      "dy_nm": 7.8125,
      "z_min_nm": -18.467735427856447,
      "z_max_nm": 7.7232706756591805,
      "z_mean_nm": -11.519103379231414,
      "z_std_nm": 1.869235826235907,
      "percentile_p01_nm": -15.09498422241211,
      "percentile_p50_nm": -11.689274536132814,
      "percentile_p99_nm": -4.176663483810417,
      "baseline_nm": -0.8565150911979365,
      "threshold_nm": 1.0752997436957679,
      "threshold_sigma": 0.43011989747830714,
      "coverage_fraction": 0.3009490966796875,
      "island_count": 164,
      "number_density_per_um2": 41.0,
      "equivalent_thickness_nm": 0.5722090367791085,
      "mean_island_height_nm": 1.6651758382136448,
      "mean_equivalent_radius_nm": 37.158562729442195,
      "std_equivalent_radius_nm": 30.91450151564458,
      "mean_volume_nm3": 13956.317970222157
    }
  ],
  "aggregate": {
    "n_files": 3,
    "coverage_fraction_mean": 0.3028564453125,
    "coverage_fraction_std": 0.044205532696211955,
    "equivalent_thickness_nm_mean": 1.1114834318468079,
    "equivalent_thickness_nm_std": 0.5906000655214736,
    "mean_equivalent_radius_nm_mean": 37.815376835686145,
    "mean_equivalent_radius_nm_std": 5.1020364951569315,
    "number_density_per_um2_mean": 53.0,
    "number_density_per_um2_std": 12.96148139681572,
    "island_count_mean": 212.0,
    "island_count_std": 51.84592558726288
  }
}