{
  "files": [
    {
      "path": "data/experimental/raw/afm/Nis_Ag_10s_2um_003.stp",
      "rows": 256,
      "cols": 256,
      "x_size_um": 2.0,
      "y_size_um": 2.0,
      "dx_nm": 7.8125,
      "dy_nm": 7.8125,
      "z_min_nm": -18.467735427856447,
      "z_max_nm": 7.7232706756591805,
      "z_mean_nm": -11.519103379231414,
      "z_std_nm": 1.869235826235907,
      "percentile_p01_nm": -15.09498422241211,
      "percentile_p50_nm": -11.689274536132814,
      "percentile_p99_nm": -4.176663483810417,
      "baseline_nm": -0.8565150911979365,
      "threshold_nm": 0.8602397949566143,
      "threshold_sigma": 0.43011989747830714,
      "coverage_fraction": 0.43255615234375,
      "island_count": 223,
      "number_density_per_um2": 55.75,
      "equivalent_thickness_nm": 0.7142996424972846,
      "mean_island_height_nm": 1.3346847438800062,
      "mean_equivalent_radius_nm": 29.55054476416822,
      "std_equivalent_radius_nm": 39.95604430756852,
      "mean_p95_height_nm": 1.9206612133070813,
      "mean_height_equivalent_radius_nm": 0.6673423719400031,
      "mean_p95_height_equivalent_radius_nm": 0.9603306066535406,
      "mean_volume_equivalent_radius_nm": 9.017068733087783,
      "std_volume_equivalent_radius_nm": 6.229912688475761,
      "mean_volume_nm3": 12812.5496412069
    }
  ],
  "aggregate": {
    "n_files": 1,
    "coverage_fraction_mean": 0.43255615234375,
    "coverage_fraction_std": 0.0,
    "equivalent_thickness_nm_mean": 0.7142996424972846,
    "equivalent_thickness_nm_std": 0.0,
    "mean_equivalent_radius_nm_mean": 29.55054476416822,
    "mean_equivalent_radius_nm_std": 0.0,
    "mean_p95_height_nm_mean": 1.9206612133070813,
    "mean_p95_height_nm_std": 0.0,
    "mean_height_equivalent_radius_nm_mean": 0.6673423719400031,
    "mean_height_equivalent_radius_nm_std": 0.0,
    "mean_p95_height_equivalent_radius_nm_mean": 0.9603306066535406,
    "mean_p95_height_equivalent_radius_nm_std": 0.0,
    "mean_volume_equivalent_radius_nm_mean": 9.017068733087783,
    "mean_volume_equivalent_radius_nm_std": 0.0,
    "number_density_per_um2_mean": 55.75,
    "number_density_per_um2_std": 0.0,
    "island_count_mean": 223.0,
    "island_count_std": 0.0
  }
}