{
  "files": [
    {
      "path": "data/experimental/raw/afm/Nis_Ag_50s_2um_003.stp",
      "rows": 256,
      "cols": 256,
      "x_size_um": 2.0,
      "y_size_um": 2.0,
      "dx_nm": 7.8125,
      "dy_nm": 7.8125,
      "z_min_nm": -12.375909553527833,
      "z_max_nm": -0.23070936584472657,
      "z_mean_nm": -7.75122272221814,
      "z_std_nm": 1.0735629614026552,
      "percentile_p01_nm": -9.288798515319824,
      "percentile_p50_nm": -7.975952362060547,
      "percentile_p99_nm": -3.394723526000977,
      "baseline_nm": -0.5254683629718673,
      "threshold_nm": 0.3419469947261468,
      "threshold_sigma": 0.1709734973630734,
      "coverage_fraction": 0.445648193359375,
      "island_count": 137,
      "number_density_per_um2": 34.25,
      "equivalent_thickness_nm": 0.4700877132238537,
      "mean_island_height_nm": 0.6543304921738934,
      "mean_equivalent_radius_nm": 33.32496738034338,
      "std_equivalent_radius_nm": 55.0561147085347,
      "mean_p95_height_nm": 1.042780368124686,
      "mean_height_equivalent_radius_nm": 0.3271652460869467,
      "mean_p95_height_equivalent_radius_nm": 0.521390184062343,
      "mean_volume_equivalent_radius_nm": 7.635101678829942,
      "std_volume_equivalent_radius_nm": 7.588864503195719,
      "mean_volume_nm3": 13725.188707265801
    }
  ],
  "aggregate": {
    "n_files": 1,
    "coverage_fraction_mean": 0.445648193359375,
    "coverage_fraction_std": 0.0,
    "equivalent_thickness_nm_mean": 0.4700877132238537,
    "equivalent_thickness_nm_std": 0.0,
    "mean_equivalent_radius_nm_mean": 33.32496738034338,
    "mean_equivalent_radius_nm_std": 0.0,
    "mean_p95_height_nm_mean": 1.042780368124686,
    "mean_p95_height_nm_std": 0.0,
    "mean_height_equivalent_radius_nm_mean": 0.3271652460869467,
    "mean_height_equivalent_radius_nm_std": 0.0,
    "mean_p95_height_equivalent_radius_nm_mean": 0.521390184062343,
    "mean_p95_height_equivalent_radius_nm_std": 0.0,
    "mean_volume_equivalent_radius_nm_mean": 7.635101678829942,
    "mean_volume_equivalent_radius_nm_std": 0.0,
    "number_density_per_um2_mean": 34.25,
    "number_density_per_um2_std": 0.0,
    "island_count_mean": 137.0,
    "island_count_std": 0.0
  }
}