{
  "files": [
    {
      "path": "data/experimental/raw/afm/Nis_Ag_50s_2um_001.stp",
      "rows": 256,
      "cols": 256,
      "x_size_um": 2.0,
      "y_size_um": 2.0,
      "dx_nm": 7.8125,
      "dy_nm": 7.8125,
      "z_min_nm": -12.296890417879592,
      "z_max_nm": 35.419497918658635,
      "z_mean_nm": -0.09876551489777713,
      "z_std_nm": 4.900950589460113,
      "percentile_p01_nm": -6.8539274110520605,
      "percentile_p50_nm": -1.1090549902201532,
      "percentile_p99_nm": 19.24269860297523,
      "baseline_nm": -2.609197298477783,
      "threshold_nm": 1.7789893911405739,
      "threshold_sigma": 0.7115957564562295,
      "coverage_fraction": 0.357879638671875,
      "island_count": 115,
      "number_density_per_um2": 28.75,
      "equivalent_thickness_nm": 2.2409522620755484,
      "mean_island_height_nm": 4.0188275706068834,
      "mean_equivalent_radius_nm": 48.739785961087705,
      "std_equivalent_radius_nm": 39.83403980498708,
      "mean_volume_nm3": 77946.1656374104
    },
    {
      "path": "data/experimental/raw/afm/Nis_Ag_50s_2um_002.stp",
      "rows": 256,
      "cols": 256,
      "x_size_um": 2.0,
      "y_size_um": 2.0,
      "dx_nm": 7.8125,
      "dy_nm": 7.8125,
      "z_min_nm": -31.768306411743165,
      "z_max_nm": 12.08477362060547,
      "z_mean_nm": -0.018513940151548013,
      "z_std_nm": 2.2982981227408974,
      "percentile_p01_nm": -8.361686798095704,
      "percentile_p50_nm": 0.0,
      "percentile_p99_nm": 9.399268371582032,
      "baseline_nm": -0.6117923268018303,
      "threshold_nm": 0.8775784683501674,
      "threshold_sigma": 0.35103138734006695,
      "coverage_fraction": 0.23516845703125,
      "island_count": 212,
      "number_density_per_um2": 53.0,
      "equivalent_thickness_nm": 0.36131803924101374,
      "mean_island_height_nm": 1.3633188602258803,
      "mean_equivalent_radius_nm": 34.35931544770246,
      "std_equivalent_radius_nm": 15.225741123204456,
      "mean_volume_nm3": 6817.321495113467
    },
    {
      "path": "data/experimental/raw/afm/Nis_Ag_50s_2um_003.stp",
      "rows": 256,
      "cols": 256,
      "x_size_um": 2.0,
      "y_size_um": 2.0,
      "dx_nm": 7.8125,
      "dy_nm": 7.8125,
      "z_min_nm": -12.375909553527833,
      "z_max_nm": -0.23070936584472657,
      "z_mean_nm": -7.75122272221814,
      "z_std_nm": 1.0735629614026552,
      "percentile_p01_nm": -9.288798515319824,
      "percentile_p50_nm": -7.975952362060547,
      "percentile_p99_nm": -3.394723526000977,
      "baseline_nm": -0.5254683629718673,
      "threshold_nm": 0.42743374340768353,
      "threshold_sigma": 0.1709734973630734,
      "coverage_fraction": 0.3282928466796875,
      "island_count": 92,
      "number_density_per_um2": 23.0,
      "equivalent_thickness_nm": 0.4217367401499686,
      "mean_island_height_nm": 0.9848220565464522,
      "mean_equivalent_radius_nm": 51.45470436696312,
      "std_equivalent_radius_nm": 43.54126819429735,
      "mean_volume_nm3": 18336.38000652037
    }
  ],
  "aggregate": {
    "n_files": 3,
    "coverage_fraction_mean": 0.3071136474609375,
    "coverage_fraction_std": 0.052287202924936556,
    "equivalent_thickness_nm_mean": 1.0080023471555102,
    "equivalent_thickness_nm_std": 0.8721761001009213,
    "mean_equivalent_radius_nm_mean": 44.851268591917766,
    "mean_equivalent_radius_nm_std": 7.5012668295849565,
    "number_density_per_um2_mean": 34.916666666666664,
    "number_density_per_um2_std": 13.000534177059375,
    "island_count_mean": 139.66666666666666,
    "island_count_std": 52.0021367082375
  }
}