{
  "files": [
    {
      "path": "data/experimental/raw/afm/Nis_Ag_40s_2um Image 1.stp",
      "rows": 256,
      "cols": 256,
      "x_size_um": 2.0,
      "y_size_um": 2.0,
      "dx_nm": 7.8125,
      "dy_nm": 7.8125,
      "z_min_nm": -10.1343651684861,
      "z_max_nm": 26.37687123941161,
      "z_mean_nm": 0.2574349206211869,
      "z_std_nm": 3.2812209127887746,
      "percentile_p01_nm": -4.975789954719727,
      "percentile_p50_nm": -0.29870559750801706,
      "percentile_p99_nm": 15.140697229054977,
      "baseline_nm": -1.9867976066503117,
      "threshold_nm": 1.9497518985003348,
      "threshold_sigma": 0.7799007594001339,
      "coverage_fraction": 0.349395751953125,
      "island_count": 160,
      "number_density_per_um2": 40.0,
      "equivalent_thickness_nm": 1.6057886203321061,
      "mean_island_height_nm": 3.3554712463168612,
      "mean_equivalent_radius_nm": 42.71649338571417,
      "std_equivalent_radius_nm": 30.914466577327794,
      "mean_volume_nm3": 40144.71550830266
    }
  ],
  "aggregate": {
    "n_files": 1,
    "coverage_fraction_mean": 0.349395751953125,
    "coverage_fraction_std": 0.0,
    "equivalent_thickness_nm_mean": 1.6057886203321061,
    "equivalent_thickness_nm_std": 0.0,
    "mean_equivalent_radius_nm_mean": 42.71649338571417,
    "mean_equivalent_radius_nm_std": 0.0,
    "number_density_per_um2_mean": 40.0,
    "number_density_per_um2_std": 0.0,
    "island_count_mean": 160.0,
    "island_count_std": 0.0
  }
}