{
  "files": [
    {
      "path": "data/experimental/raw/afm/Nis_Ag_40s_2um Image 1.stp",
      "rows": 256,
      "cols": 256,
      "x_size_um": 2.0,
      "y_size_um": 2.0,
      "dx_nm": 7.8125,
      "dy_nm": 7.8125,
      "z_min_nm": -10.1343651684861,
      "z_max_nm": 26.37687123941161,
      "z_mean_nm": 0.2574349206211869,
      "z_std_nm": 3.2812209127887746,
      "percentile_p01_nm": -4.975789954719727,
      "percentile_p50_nm": -0.29870559750801706,
      "percentile_p99_nm": 15.140697229054977,
      "baseline_nm": -1.9867976066503117,
      "threshold_nm": 1.5598015188002678,
      "threshold_sigma": 0.7799007594001339,
      "coverage_fraction": 0.4517059326171875,
      "island_count": 152,
      "number_density_per_um2": 38.0,
      "equivalent_thickness_nm": 1.7904058396637497,
      "mean_island_height_nm": 2.6709517114040087,
      "mean_equivalent_radius_nm": 40.9181018618764,
      "std_equivalent_radius_nm": 45.92883617783691,
      "mean_p95_height_nm": 4.20228367802174,
      "mean_height_equivalent_radius_nm": 1.3354758557020043,
      "mean_p95_height_equivalent_radius_nm": 2.10114183901087,
      "mean_volume_equivalent_radius_nm": 14.245998975486312,
      "std_volume_equivalent_radius_nm": 10.85809059826476,
      "mean_volume_nm3": 47115.943149046034
    }
  ],
  "aggregate": {
    "n_files": 1,
    "coverage_fraction_mean": 0.4517059326171875,
    "coverage_fraction_std": 0.0,
    "equivalent_thickness_nm_mean": 1.7904058396637497,
    "equivalent_thickness_nm_std": 0.0,
    "mean_equivalent_radius_nm_mean": 40.9181018618764,
    "mean_equivalent_radius_nm_std": 0.0,
    "mean_p95_height_nm_mean": 4.20228367802174,
    "mean_p95_height_nm_std": 0.0,
    "mean_height_equivalent_radius_nm_mean": 1.3354758557020043,
    "mean_height_equivalent_radius_nm_std": 0.0,
    "mean_p95_height_equivalent_radius_nm_mean": 2.10114183901087,
    "mean_p95_height_equivalent_radius_nm_std": 0.0,
    "mean_volume_equivalent_radius_nm_mean": 14.245998975486312,
    "mean_volume_equivalent_radius_nm_std": 0.0,
    "number_density_per_um2_mean": 38.0,
    "number_density_per_um2_std": 0.0,
    "island_count_mean": 152.0,
    "island_count_std": 0.0
  }
}