{
  "files": [
    {
      "path": "data/experimental/raw/afm/Nis_Ag_10s_2um Image 1.stp",
      "rows": 256,
      "cols": 256,
      "x_size_um": 2.0,
      "y_size_um": 2.0,
      "dx_nm": 7.8125,
      "dy_nm": 7.8125,
      "z_min_nm": -8.370503293289692,
      "z_max_nm": 16.325184365130788,
      "z_mean_nm": 1.1593038149395885,
      "z_std_nm": 3.1520370250003618,
      "percentile_p01_nm": -4.519368978176539,
      "percentile_p50_nm": 0.5640595207831007,
      "percentile_p99_nm": 9.984646811549457,
      "baseline_nm": -2.5142421359408544,
      "threshold_nm": 2.1227549985120793,
      "threshold_sigma": 1.0613774992560396,
      "coverage_fraction": 0.464569091796875,
      "island_count": 153,
      "number_density_per_um2": 38.25,
      "equivalent_thickness_nm": 2.2187694958749646,
      "mean_island_height_nm": 3.804986484952683,
      "mean_equivalent_radius_nm": 44.98556195807441,
      "std_equivalent_radius_nm": 42.92275467048218,
      "mean_p95_height_nm": 5.954484507653517,
      "mean_height_equivalent_radius_nm": 1.9024932424763414,
      "mean_p95_height_equivalent_radius_nm": 2.9772422538267587,
      "mean_volume_equivalent_radius_nm": 17.142420668867814,
      "std_volume_equivalent_radius_nm": 11.26481574854376,
      "mean_volume_nm3": 58007.04564378993
    }
  ],
  "aggregate": {
    "n_files": 1,
    "coverage_fraction_mean": 0.464569091796875,
    "coverage_fraction_std": 0.0,
    "equivalent_thickness_nm_mean": 2.2187694958749646,
    "equivalent_thickness_nm_std": 0.0,
    "mean_equivalent_radius_nm_mean": 44.98556195807441,
    "mean_equivalent_radius_nm_std": 0.0,
    "mean_p95_height_nm_mean": 5.954484507653517,
    "mean_p95_height_nm_std": 0.0,
    "mean_height_equivalent_radius_nm_mean": 1.9024932424763414,
    "mean_height_equivalent_radius_nm_std": 0.0,
    "mean_p95_height_equivalent_radius_nm_mean": 2.9772422538267587,
    "mean_p95_height_equivalent_radius_nm_std": 0.0,
    "mean_volume_equivalent_radius_nm_mean": 17.142420668867814,
    "mean_volume_equivalent_radius_nm_std": 0.0,
    "number_density_per_um2_mean": 38.25,
    "number_density_per_um2_std": 0.0,
    "island_count_mean": 153.0,
    "island_count_std": 0.0
  }
}