{
  "files": [
    {
      "path": "data/experimental/raw/afm/Nis_Ag_20s_2um_003.stp",
      "rows": 256,
      "cols": 256,
      "x_size_um": 2.0,
      "y_size_um": 2.0,
      "dx_nm": 7.8125,
      "dy_nm": 7.8125,
      "z_min_nm": -14.40285612487793,
      "z_max_nm": 12.842821365356446,
      "z_mean_nm": -8.057088448077208,
      "z_std_nm": 3.173774471714518,
      "percentile_p01_nm": -12.178158668518067,
      "percentile_p50_nm": -8.733997421264649,
      "percentile_p99_nm": 5.584539923477181,
      "baseline_nm": -1.2146044688003315,
      "threshold_nm": 1.0899590082967483,
      "threshold_sigma": 0.5449795041483741,
      "coverage_fraction": 0.4362945556640625,
      "island_count": 227,
      "number_density_per_um2": 56.75,
      "equivalent_thickness_nm": 1.0356859185951328,
      "mean_island_height_nm": 2.2207811266784234,
      "mean_equivalent_radius_nm": 33.69614285670213,
      "std_equivalent_radius_nm": 36.217944147521315,
      "mean_p95_height_nm": 3.9303194348913455,
      "mean_height_equivalent_radius_nm": 1.1103905633392117,
      "mean_p95_height_equivalent_radius_nm": 1.9651597174456727,
      "mean_volume_equivalent_radius_nm": 11.549354164366045,
      "std_volume_equivalent_radius_nm": 7.391544073935508,
      "mean_volume_nm3": 18249.97213383494
    }
  ],
  "aggregate": {
    "n_files": 1,
    "coverage_fraction_mean": 0.4362945556640625,
    "coverage_fraction_std": 0.0,
    "equivalent_thickness_nm_mean": 1.0356859185951328,
    "equivalent_thickness_nm_std": 0.0,
    "mean_equivalent_radius_nm_mean": 33.69614285670213,
    "mean_equivalent_radius_nm_std": 0.0,
    "mean_p95_height_nm_mean": 3.9303194348913455,
    "mean_p95_height_nm_std": 0.0,
    "mean_height_equivalent_radius_nm_mean": 1.1103905633392117,
    "mean_height_equivalent_radius_nm_std": 0.0,
    "mean_p95_height_equivalent_radius_nm_mean": 1.9651597174456727,
    "mean_p95_height_equivalent_radius_nm_std": 0.0,
    "mean_volume_equivalent_radius_nm_mean": 11.549354164366045,
    "mean_volume_equivalent_radius_nm_std": 0.0,
    "number_density_per_um2_mean": 56.75,
    "number_density_per_um2_std": 0.0,
    "island_count_mean": 227.0,
    "island_count_std": 0.0
  }
}