{
  "files": [
    {
      "path": "data/experimental/raw/afm/Nis_Ag_20s_2um_001.stp",
      "rows": 256,
      "cols": 256,
      "x_size_um": 2.0,
      "y_size_um": 2.0,
      "dx_nm": 7.8125,
      "dy_nm": 7.8125,
      "z_min_nm": -18.134363047592398,
      "z_max_nm": 18.7536270784428,
      "z_mean_nm": -0.03028619729784149,
      "z_std_nm": 6.169529128920446,
      "percentile_p01_nm": -13.803864560506927,
      "percentile_p50_nm": 0.33195299250760896,
      "percentile_p99_nm": 12.58531091163116,
      "baseline_nm": -1.5831075006472832,
      "threshold_nm": 1.8163998599927371,
      "threshold_sigma": 0.7265599439970949,
      "coverage_fraction": 0.3495635986328125,
      "island_count": 181,
      "number_density_per_um2": 45.25,
      "equivalent_thickness_nm": 1.1721261148878221,
      "mean_island_height_nm": 3.143142697437482,
      "mean_equivalent_radius_nm": 43.50876554976108,
      "std_equivalent_radius_nm": 23.79039480256771,
      "mean_volume_nm3": 25903.339555531988
    },
    {
      "path": "data/experimental/raw/afm/Nis_Ag_20s_2um_002.stp",
      "rows": 256,
      "cols": 256,
      "x_size_um": 2.0,
      "y_size_um": 2.0,
      "dx_nm": 7.8125,
      "dy_nm": 7.8125,
      "z_min_nm": -74.15656539916992,
      "z_max_nm": 25.542816970825196,
      "z_mean_nm": -0.012042745546903462,
      "z_std_nm": 1.4630068501334406,
      "percentile_p01_nm": -3.509467086791992,
      "percentile_p50_nm": 0.0,
      "percentile_p99_nm": 3.5399841918945314,
      "baseline_nm": -0.760621697320977,
      "threshold_nm": 1.1008750975084503,
      "threshold_sigma": 0.4403500390033801,
      "coverage_fraction": 0.25067138671875,
      "island_count": 274,
      "number_density_per_um2": 68.5,
      "equivalent_thickness_nm": 0.42497631401521424,
      "mean_island_height_nm": 1.6761178075478924,
      "mean_equivalent_radius_nm": 32.485919197544526,
      "std_equivalent_radius_nm": 10.46421553794634,
      "mean_volume_nm3": 6204.033781244003
    },
    {
      "path": "data/experimental/raw/afm/Nis_Ag_20s_2um_003.stp",
      "rows": 256,
      "cols": 256,
      "x_size_um": 2.0,
      "y_size_um": 2.0,
      "dx_nm": 7.8125,
      "dy_nm": 7.8125,
      "z_min_nm": -14.40285612487793,
      "z_max_nm": 12.842821365356446,
      "z_mean_nm": -8.057088448077208,
      "z_std_nm": 3.173774471714518,
      "percentile_p01_nm": -12.178158668518067,
      "percentile_p50_nm": -8.733997421264649,
      "percentile_p99_nm": 5.584539923477181,
      "baseline_nm": -1.2146044688003315,
      "threshold_nm": 1.3624487603709354,
      "threshold_sigma": 0.5449795041483741,
      "coverage_fraction": 0.30255126953125,
      "island_count": 173,
      "number_density_per_um2": 43.25,
      "equivalent_thickness_nm": 0.8399637951896939,
      "mean_island_height_nm": 2.7194827684179677,
      "mean_equivalent_radius_nm": 40.846827022407794,
      "std_equivalent_radius_nm": 23.62717324840721,
      "mean_volume_nm3": 19421.128212478474
    }
  ],
  "aggregate": {
    "n_files": 3,
    "coverage_fraction_mean": 0.3009287516276042,
    "coverage_fraction_std": 0.04038887485083567,
    "equivalent_thickness_nm_mean": 0.8123554080309101,
    "equivalent_thickness_nm_std": 0.3056467171066692,
    "mean_equivalent_radius_nm_mean": 38.94717058990447,
    "mean_equivalent_radius_nm_std": 4.696261374562174,
    "number_density_per_um2_mean": 52.333333333333336,
    "number_density_per_um2_std": 11.460681577559958,
    "island_count_mean": 209.33333333333334,
    "island_count_std": 45.84272631023983
  }
}