{
  "files": [
    {
      "path": "data/experimental/raw/afm/Nis_Ag_40s_2um_001.stp",
      "rows": 256,
      "cols": 256,
      "x_size_um": 2.0,
      "y_size_um": 2.0,
      "dx_nm": 7.8125,
      "dy_nm": 7.8125,
      "z_min_nm": -8.355473275709453,
      "z_max_nm": 26.547444276657778,
      "z_mean_nm": -0.03306205708969318,
      "z_std_nm": 3.71247988015519,
      "percentile_p01_nm": -5.490646988217102,
      "percentile_p50_nm": -0.6627341355115226,
      "percentile_p99_nm": 16.938001858848136,
      "baseline_nm": -2.0712670761724237,
      "threshold_nm": 1.8324034870784067,
      "threshold_sigma": 0.7329613948313627,
      "coverage_fraction": 0.3527374267578125,
      "island_count": 139,
      "hole_count": 6,
      "number_density_per_um2": 34.75,
      "hole_number_density_per_um2": 1.5,
      "equivalent_thickness_nm": 1.6700708672177518,
      "mean_island_height_nm": 3.3825531161639666,
      "mean_equivalent_radius_nm": 44.641192073870215,
      "std_equivalent_radius_nm": 35.1886010521763,
      "mean_hole_equivalent_radius_nm": 34.42778119908072,
      "std_hole_equivalent_radius_nm": 19.70795439611026,
      "mean_p95_height_nm": 5.402506527970047,
      "mean_height_equivalent_radius_nm": 1.6912765580819833,
      "mean_p95_height_equivalent_radius_nm": 2.7012532639850235,
      "mean_volume_equivalent_radius_nm": 16.702121352940384,
      "std_volume_equivalent_radius_nm": 9.68133418201108,
      "mean_volume_nm3": 48059.59330123026
    },
    {
      "path": "data/experimental/raw/afm/Nis_Ag_40s_2um_002.stp",
      "rows": 256,
      "cols": 256,
      "x_size_um": 2.0,
      "y_size_um": 2.0,
      "dx_nm": 7.8125,
      "dy_nm": 7.8125,
      "z_min_nm": -14.526142028808595,
      "z_max_nm": 16.143548599243164,
      "z_mean_nm": 0.001750859301537274,
      "z_std_nm": 1.676696949679892,
      "percentile_p01_nm": -4.170162412261963,
      "percentile_p50_nm": 0.0,
      "percentile_p99_nm": 4.455497344970703,
      "baseline_nm": -0.9248439319904826,
      "threshold_nm": 1.3292846322198428,
      "threshold_sigma": 0.5317138528879372,
      "coverage_fraction": 0.2480010986328125,
      "island_count": 264,
      "hole_count": 0,
      "number_density_per_um2": 66.0,
      "hole_number_density_per_um2": 0.0,
      "equivalent_thickness_nm": 0.5437834054039921,
      "mean_island_height_nm": 2.0053256061813323,
      "mean_equivalent_radius_nm": 32.01612029782015,
      "std_equivalent_radius_nm": 13.078488114740605,
      "mean_hole_equivalent_radius_nm": 0.0,
      "std_hole_equivalent_radius_nm": 0.0,
      "mean_p95_height_nm": 2.8859273030417536,
      "mean_height_equivalent_radius_nm": 1.0026628030906661,
      "mean_p95_height_equivalent_radius_nm": 1.4429636515208768,
      "mean_volume_equivalent_radius_nm": 11.429036061954259,
      "std_volume_equivalent_radius_nm": 3.367113253867419,
      "mean_volume_nm3": 8239.142506121092
    },
    {
      "path": "data/experimental/raw/afm/Nis_Ag_40s_2um_003.stp",
      "rows": 256,
      "cols": 256,
      "x_size_um": 2.0,
      "y_size_um": 2.0,
      "dx_nm": 7.8125,
      "dy_nm": 7.8125,
      "z_min_nm": -22.46120468902588,
      "z_max_nm": 24.28490729522705,
      "z_mean_nm": -8.661313182002631,
      "z_std_nm": 10.997598159557839,
      "percentile_p01_nm": -20.08819406890869,
      "percentile_p50_nm": -14.199612159729005,
      "percentile_p99_nm": 16.329004675674447,
      "baseline_nm": -7.129591201523681,
      "threshold_nm": 6.656666817649897,
      "threshold_sigma": 2.6626667270599587,
      "coverage_fraction": 0.4146575927734375,
      "island_count": 108,
      "hole_count": 13,
      "number_density_per_um2": 27.0,
      "hole_number_density_per_um2": 3.25,
      "equivalent_thickness_nm": 5.842351746451906,
      "mean_island_height_nm": 13.499714840335114,
      "mean_equivalent_radius_nm": 56.34935749345814,
      "std_equivalent_radius_nm": 41.39147287965183,
      "mean_hole_equivalent_radius_nm": 31.146391327323705,
      "std_hole_equivalent_radius_nm": 13.824055823441936,
      "mean_p95_height_nm": 22.217065863915447,
      "mean_height_equivalent_radius_nm": 6.749857420167557,
      "mean_p95_height_equivalent_radius_nm": 11.108532931957724,
      "mean_volume_equivalent_radius_nm": 30.34843109781071,
      "std_volume_equivalent_radius_nm": 14.842734741226923,
      "mean_volume_nm3": 216383.39801673728
    }
  ],
  "aggregate": {
    "n_files": 3,
    "coverage_fraction_mean": 0.3384653727213542,
    "coverage_fraction_std": 0.06878161287546614,
    "equivalent_thickness_nm_mean": 2.6854020063578834,
    "equivalent_thickness_nm_std": 2.279163531908071,
    "mean_equivalent_radius_nm_mean": 44.33555662171617,
    "mean_equivalent_radius_nm_std": 9.936353049182754,
    "mean_p95_height_nm_mean": 10.168499898309083,
    "mean_p95_height_nm_std": 8.581346014059068,
    "mean_height_equivalent_radius_nm_mean": 3.1479322604467357,
    "mean_height_equivalent_radius_nm_std": 2.5624136887009756,
    "mean_p95_height_equivalent_radius_nm_mean": 5.084249949154541,
    "mean_p95_height_equivalent_radius_nm_std": 4.290673007029534,
    "mean_volume_equivalent_radius_nm_mean": 19.493196170901786,
    "mean_volume_equivalent_radius_nm_std": 7.971969690120133,
    "number_density_per_um2_mean": 42.583333333333336,
    "number_density_per_um2_std": 16.857655695723402,
    "island_count_mean": 170.33333333333334,
    "island_count_std": 67.43062278289361
  }
}