{
  "files": [
    {
      "path": "data/experimental/raw/afm/Nis_Ag_60s_2um_003.stp",
      "rows": 256,
      "cols": 256,
      "x_size_um": 2.0,
      "y_size_um": 2.0,
      "dx_nm": 7.8125,
      "dy_nm": 7.8125,
      "z_min_nm": -8.294551010131837,
      "z_max_nm": 10.5741792678833,
      "z_mean_nm": -4.310984900078155,
      "z_std_nm": 0.9579384183918903,
      "percentile_p01_nm": -6.463432745742798,
      "percentile_p50_nm": -4.366998710632324,
      "percentile_p99_nm": -1.2084776306152345,
      "baseline_nm": -0.5862240017666385,
      "threshold_nm": 0.5801955651520981,
      "threshold_sigma": 0.29009778257604907,
      "coverage_fraction": 0.4242706298828125,
      "island_count": 190,
      "number_density_per_um2": 47.5,
      "equivalent_thickness_nm": 0.4921820344479805,
      "mean_island_height_nm": 0.860669883780426,
      "mean_equivalent_radius_nm": 36.129928578196576,
      "std_equivalent_radius_nm": 39.21449203211752,
      "mean_p95_height_nm": 1.2343771833491808,
      "mean_height_equivalent_radius_nm": 0.430334941890213,
      "mean_p95_height_equivalent_radius_nm": 0.6171885916745904,
      "mean_volume_equivalent_radius_nm": 8.954384003134493,
      "std_volume_equivalent_radius_nm": 6.376758065129266,
      "mean_volume_nm3": 10361.727041010114
    }
  ],
  "aggregate": {
    "n_files": 1,
    "coverage_fraction_mean": 0.4242706298828125,
    "coverage_fraction_std": 0.0,
    "equivalent_thickness_nm_mean": 0.4921820344479805,
    "equivalent_thickness_nm_std": 0.0,
    "mean_equivalent_radius_nm_mean": 36.129928578196576,
    "mean_equivalent_radius_nm_std": 0.0,
    "mean_p95_height_nm_mean": 1.2343771833491808,
    "mean_p95_height_nm_std": 0.0,
    "mean_height_equivalent_radius_nm_mean": 0.430334941890213,
    "mean_height_equivalent_radius_nm_std": 0.0,
    "mean_p95_height_equivalent_radius_nm_mean": 0.6171885916745904,
    "mean_p95_height_equivalent_radius_nm_std": 0.0,
    "mean_volume_equivalent_radius_nm_mean": 8.954384003134493,
    "mean_volume_equivalent_radius_nm_std": 0.0,
    "number_density_per_um2_mean": 47.5,
    "number_density_per_um2_std": 0.0,
    "island_count_mean": 190.0,
    "island_count_std": 0.0
  }
}