{
  "files": [
    {
      "path": "data/experimental/raw/afm/Nis_Ag_60s_2um_001.stp",
      "rows": 256,
      "cols": 256,
      "x_size_um": 2.0,
      "y_size_um": 2.0,
      "dx_nm": 7.8125,
      "dy_nm": 7.8125,
      "z_min_nm": -10.008022466716502,
      "z_max_nm": 40.29154345336032,
      "z_mean_nm": -0.05584230608257268,
      "z_std_nm": 4.948616078326899,
      "percentile_p01_nm": -7.0495137979709686,
      "percentile_p50_nm": -1.2714455376071832,
      "percentile_p99_nm": 18.48619100150461,
      "baseline_nm": -2.98909006859473,
      "threshold_nm": 2.1543335590693893,
      "threshold_sigma": 0.8617334236277557,
      "coverage_fraction": 0.397705078125,
      "island_count": 98,
      "number_density_per_um2": 24.5,
      "equivalent_thickness_nm": 2.584780296047261,
      "mean_island_height_nm": 4.344640838581213,
      "mean_equivalent_radius_nm": 55.81255967594221,
      "std_equivalent_radius_nm": 45.29942722616644,
      "mean_volume_nm3": 105501.23657335759
    },
    {
      "path": "data/experimental/raw/afm/Nis_Ag_60s_2um_002.stp",
      "rows": 256,
      "cols": 256,
      "x_size_um": 2.0,
      "y_size_um": 2.0,
      "dx_nm": 7.8125,
      "dy_nm": 7.8125,
      "z_min_nm": -50.84149710083008,
      "z_max_nm": 9.15513153076172,
      "z_mean_nm": -0.012347283308394255,
      "z_std_nm": 1.991167656603915,
      "percentile_p01_nm": -5.065839447021484,
      "percentile_p50_nm": 0.0,
      "percentile_p99_nm": 6.0729039154052735,
      "baseline_nm": -0.8723829762770471,
      "threshold_nm": 1.270742904038139,
      "threshold_sigma": 0.5082971616152556,
      "coverage_fraction": 0.2515716552734375,
      "island_count": 192,
      "number_density_per_um2": 48.0,
      "equivalent_thickness_nm": 0.5223519872679349,
      "mean_island_height_nm": 1.881105248006132,
      "mean_equivalent_radius_nm": 36.97170263397883,
      "std_equivalent_radius_nm": 17.360286795405198,
      "mean_volume_nm3": 10882.333068081976
    },
    {
      "path": "data/experimental/raw/afm/Nis_Ag_60s_2um_003.stp",
      "rows": 256,
      "cols": 256,
      "x_size_um": 2.0,
      "y_size_um": 2.0,
      "dx_nm": 7.8125,
      "dy_nm": 7.8125,
      "z_min_nm": -8.294551010131837,
      "z_max_nm": 10.5741792678833,
      "z_mean_nm": -4.310984900078155,
      "z_std_nm": 0.9579384183918903,
      "percentile_p01_nm": -6.463432745742798,
      "percentile_p50_nm": -4.366998710632324,
      "percentile_p99_nm": -1.2084776306152345,
      "baseline_nm": -0.5862240017666385,
      "threshold_nm": 0.7252444564401227,
      "threshold_sigma": 0.29009778257604907,
      "coverage_fraction": 0.2858123779296875,
      "island_count": 153,
      "number_density_per_um2": 38.25,
      "equivalent_thickness_nm": 0.3948650339969471,
      "mean_island_height_nm": 1.0999493086808543,
      "mean_equivalent_radius_nm": 40.85937976277584,
      "std_equivalent_radius_nm": 26.626908845165982,
      "mean_volume_nm3": 10323.268862665282
    }
  ],
  "aggregate": {
    "n_files": 3,
    "coverage_fraction_mean": 0.3116963704427083,
    "coverage_fraction_std": 0.06240315227021245,
    "equivalent_thickness_nm_mean": 1.1673324391040476,
    "equivalent_thickness_nm_std": 1.0036374017138063,
    "mean_equivalent_radius_nm_mean": 44.54788069089896,
    "mean_equivalent_radius_nm_std": 8.121914915482233,
    "number_density_per_um2_mean": 36.916666666666664,
    "number_density_per_um2_std": 9.640049561882737,
    "island_count_mean": 147.66666666666666,
    "island_count_std": 38.56019824753095
  }
}