{
  "files": [
    {
      "path": "data/experimental/raw/afm/Nis_Ag_60s_2um Image 1.txtNis_Ag_60s_2um Image 1.stp",
      "rows": 256,
      "cols": 256,
      "x_size_um": 2.0,
      "y_size_um": 2.0,
      "dx_nm": 7.8125,
      "dy_nm": 7.8125,
      "z_min_nm": -11.335893436719719,
      "z_max_nm": 20.728158839673398,
      "z_mean_nm": 0.9930898685472993,
      "z_std_nm": 3.9801900700957726,
      "percentile_p01_nm": -6.058849036272206,
      "percentile_p50_nm": 0.16854698968512827,
      "percentile_p99_nm": 14.929742512157407,
      "baseline_nm": -2.841407604675881,
      "threshold_nm": 2.7600679991692716,
      "threshold_sigma": 1.1040271996677087,
      "coverage_fraction": 0.3638153076171875,
      "island_count": 99,
      "number_density_per_um2": 24.75,
      "equivalent_thickness_nm": 2.336173194883872,
      "mean_island_height_nm": 4.978785618605199,
      "mean_equivalent_radius_nm": 55.44961808410761,
      "std_equivalent_radius_nm": 40.0545943362262,
      "mean_volume_nm3": 94390.83615692414
    }
  ],
  "aggregate": {
    "n_files": 1,
    "coverage_fraction_mean": 0.3638153076171875,
    "coverage_fraction_std": 0.0,
    "equivalent_thickness_nm_mean": 2.336173194883872,
    "equivalent_thickness_nm_std": 0.0,
    "mean_equivalent_radius_nm_mean": 55.44961808410761,
    "mean_equivalent_radius_nm_std": 0.0,
    "number_density_per_um2_mean": 24.75,
    "number_density_per_um2_std": 0.0,
    "island_count_mean": 99.0,
    "island_count_std": 0.0
  }
}