{
  "files": [
    {
      "path": "data/experimental/raw/afm/Nis_Ag_60s_2um Image 1.txtNis_Ag_60s_2um Image 1.stp",
      "rows": 256,
      "cols": 256,
      "x_size_um": 2.0,
      "y_size_um": 2.0,
      "dx_nm": 7.8125,
      "dy_nm": 7.8125,
      "z_min_nm": -11.335893436719719,
      "z_max_nm": 20.728158839673398,
      "z_mean_nm": 0.9930898685472993,
      "z_std_nm": 3.9801900700957726,
      "percentile_p01_nm": -6.058849036272206,
      "percentile_p50_nm": 0.16854698968512827,
      "percentile_p99_nm": 14.929742512157407,
      "baseline_nm": -2.841407604675881,
      "threshold_nm": 2.2080543993354174,
      "threshold_sigma": 1.1040271996677087,
      "coverage_fraction": 0.4565582275390625,
      "island_count": 120,
      "number_density_per_um2": 30.0,
      "equivalent_thickness_nm": 2.5725547591339444,
      "mean_island_height_nm": 3.7284455172017346,
      "mean_equivalent_radius_nm": 46.59503604791348,
      "std_equivalent_radius_nm": 51.70237773869511,
      "mean_p95_height_nm": 5.7984533461033045,
      "mean_height_equivalent_radius_nm": 1.8642227586008673,
      "mean_p95_height_equivalent_radius_nm": 2.8992266730516523,
      "mean_volume_equivalent_radius_nm": 17.383632639441437,
      "std_volume_equivalent_radius_nm": 14.10145915532143,
      "mean_volume_nm3": 85751.82530446482
    }
  ],
  "aggregate": {
    "n_files": 1,
    "coverage_fraction_mean": 0.4565582275390625,
    "coverage_fraction_std": 0.0,
    "equivalent_thickness_nm_mean": 2.5725547591339444,
    "equivalent_thickness_nm_std": 0.0,
    "mean_equivalent_radius_nm_mean": 46.59503604791348,
    "mean_equivalent_radius_nm_std": 0.0,
    "mean_p95_height_nm_mean": 5.7984533461033045,
    "mean_p95_height_nm_std": 0.0,
    "mean_height_equivalent_radius_nm_mean": 1.8642227586008673,
    "mean_height_equivalent_radius_nm_std": 0.0,
    "mean_p95_height_equivalent_radius_nm_mean": 2.8992266730516523,
    "mean_p95_height_equivalent_radius_nm_std": 0.0,
    "mean_volume_equivalent_radius_nm_mean": 17.383632639441437,
    "mean_volume_equivalent_radius_nm_std": 0.0,
    "number_density_per_um2_mean": 30.0,
    "number_density_per_um2_std": 0.0,
    "island_count_mean": 120.0,
    "island_count_std": 0.0
  }
}