{
  "files": [
    {
      "path": "data/experimental/raw/afm/Nis_Ag_10s_2um_001.stp",
      "rows": 256,
      "cols": 256,
      "x_size_um": 2.0,
      "y_size_um": 2.0,
      "dx_nm": 7.8125,
      "dy_nm": 7.8125,
      "z_min_nm": -15.139261702949693,
      "z_max_nm": 24.760079272301102,
      "z_mean_nm": -0.05269408678759324,
      "z_std_nm": 4.900625425739469,
      "percentile_p01_nm": -11.158281947884307,
      "percentile_p50_nm": 0.030981269269824675,
      "percentile_p99_nm": 12.021450335370181,
      "baseline_nm": -2.5050003189791115,
      "threshold_nm": 2.044590079846224,
      "threshold_sigma": 1.022295039923112,
      "coverage_fraction": 0.45562744140625,
      "island_count": 186,
      "number_density_per_um2": 46.5,
      "equivalent_thickness_nm": 2.175581936118826,
      "mean_island_height_nm": 3.853658267827669,
      "mean_equivalent_radius_nm": 39.537781158167235,
      "std_equivalent_radius_nm": 39.44241441629058,
      "mean_p95_height_nm": 6.3452652091245785,
      "mean_height_equivalent_radius_nm": 1.9268291339138346,
      "mean_p95_height_equivalent_radius_nm": 3.1726326045622892,
      "mean_volume_equivalent_radius_nm": 15.848779012512658,
      "std_volume_equivalent_radius_nm": 10.086151894756402,
      "mean_volume_nm3": 46786.70830363067
    }
  ],
  "aggregate": {
    "n_files": 1,
    "coverage_fraction_mean": 0.45562744140625,
    "coverage_fraction_std": 0.0,
    "equivalent_thickness_nm_mean": 2.175581936118826,
    "equivalent_thickness_nm_std": 0.0,
    "mean_equivalent_radius_nm_mean": 39.537781158167235,
    "mean_equivalent_radius_nm_std": 0.0,
    "mean_p95_height_nm_mean": 6.3452652091245785,
    "mean_p95_height_nm_std": 0.0,
    "mean_height_equivalent_radius_nm_mean": 1.9268291339138346,
    "mean_height_equivalent_radius_nm_std": 0.0,
    "mean_p95_height_equivalent_radius_nm_mean": 3.1726326045622892,
    "mean_p95_height_equivalent_radius_nm_std": 0.0,
    "mean_volume_equivalent_radius_nm_mean": 15.848779012512658,
    "mean_volume_equivalent_radius_nm_std": 0.0,
    "number_density_per_um2_mean": 46.5,
    "number_density_per_um2_std": 0.0,
    "island_count_mean": 186.0,
    "island_count_std": 0.0
  }
}