{
  "files": [
    {
      "path": "data/experimental/raw/afm/Nis_Ag_30s_2um Image 1.stp",
      "rows": 256,
      "cols": 256,
      "x_size_um": 2.0,
      "y_size_um": 2.0,
      "dx_nm": 7.8125,
      "dy_nm": 7.8125,
      "z_min_nm": -5.972784852259064,
      "z_max_nm": 14.85673682922637,
      "z_mean_nm": -5.524755457807229e-16,
      "z_std_nm": 2.1812602443277704,
      "percentile_p01_nm": -4.1665392944233,
      "percentile_p50_nm": -0.2681901698899827,
      "percentile_p99_nm": 6.565683015462371,
      "baseline_nm": -1.4203931664548448,
      "threshold_nm": 1.2835785130642139,
      "threshold_sigma": 0.6417892565321069,
      "coverage_fraction": 0.4528961181640625,
      "island_count": 223,
      "number_density_per_um2": 55.75,
      "equivalent_thickness_nm": 1.227715807792587,
      "mean_island_height_nm": 2.2711790228724484,
      "mean_equivalent_radius_nm": 37.152690551631,
      "std_equivalent_radius_nm": 34.72075332846947,
      "mean_p95_height_nm": 3.684114897527937,
      "mean_height_equivalent_radius_nm": 1.1355895114362242,
      "mean_p95_height_equivalent_radius_nm": 1.8420574487639685,
      "mean_volume_equivalent_radius_nm": 12.675896565512986,
      "std_volume_equivalent_radius_nm": 7.818677353164186,
      "mean_volume_nm3": 22021.808211526222
    }
  ],
  "aggregate": {
    "n_files": 1,
    "coverage_fraction_mean": 0.4528961181640625,
    "coverage_fraction_std": 0.0,
    "equivalent_thickness_nm_mean": 1.227715807792587,
    "equivalent_thickness_nm_std": 0.0,
    "mean_equivalent_radius_nm_mean": 37.152690551631,
    "mean_equivalent_radius_nm_std": 0.0,
    "mean_p95_height_nm_mean": 3.684114897527937,
    "mean_p95_height_nm_std": 0.0,
    "mean_height_equivalent_radius_nm_mean": 1.1355895114362242,
    "mean_height_equivalent_radius_nm_std": 0.0,
    "mean_p95_height_equivalent_radius_nm_mean": 1.8420574487639685,
    "mean_p95_height_equivalent_radius_nm_std": 0.0,
    "mean_volume_equivalent_radius_nm_mean": 12.675896565512986,
    "mean_volume_equivalent_radius_nm_std": 0.0,
    "number_density_per_um2_mean": 55.75,
    "number_density_per_um2_std": 0.0,
    "island_count_mean": 223.0,
    "island_count_std": 0.0
  }
}