{
  "files": [
    {
      "path": "data/experimental/raw/afm/Nis_Ag_50s_2um Image 1.txtNis_Ag_50s_2um Image 1.stp",
      "rows": 256,
      "cols": 256,
      "x_size_um": 2.0,
      "y_size_um": 2.0,
      "dx_nm": 7.8125,
      "dy_nm": 7.8125,
      "z_min_nm": -13.154984217023133,
      "z_max_nm": 29.517325650959307,
      "z_mean_nm": 0.2861009955525531,
      "z_std_nm": 4.558044813997254,
      "percentile_p01_nm": -7.6422559036608275,
      "percentile_p50_nm": -0.6720998567790366,
      "percentile_p99_nm": 17.074131058055144,
      "baseline_nm": -2.817104306829093,
      "threshold_nm": 2.0292180958283934,
      "threshold_sigma": 1.0146090479141967,
      "coverage_fraction": 0.433624267578125,
      "island_count": 148,
      "number_density_per_um2": 37.0,
      "equivalent_thickness_nm": 2.548447408815927,
      "mean_island_height_nm": 3.4924813613036756,
      "mean_equivalent_radius_nm": 37.149059074556604,
      "std_equivalent_radius_nm": 48.48096461908875,
      "mean_p95_height_nm": 5.543655508995546,
      "mean_height_equivalent_radius_nm": 1.7462406806518378,
      "mean_p95_height_equivalent_radius_nm": 2.771827754497773,
      "mean_volume_equivalent_radius_nm": 14.67043012535393,
      "std_volume_equivalent_radius_nm": 12.917564533911527,
      "mean_volume_nm3": 68876.95699502504
    }
  ],
  "aggregate": {
    "n_files": 1,
    "coverage_fraction_mean": 0.433624267578125,
    "coverage_fraction_std": 0.0,
    "equivalent_thickness_nm_mean": 2.548447408815927,
    "equivalent_thickness_nm_std": 0.0,
    "mean_equivalent_radius_nm_mean": 37.149059074556604,
    "mean_equivalent_radius_nm_std": 0.0,
    "mean_p95_height_nm_mean": 5.543655508995546,
    "mean_p95_height_nm_std": 0.0,
    "mean_height_equivalent_radius_nm_mean": 1.7462406806518378,
    "mean_height_equivalent_radius_nm_std": 0.0,
    "mean_p95_height_equivalent_radius_nm_mean": 2.771827754497773,
    "mean_p95_height_equivalent_radius_nm_std": 0.0,
    "mean_volume_equivalent_radius_nm_mean": 14.67043012535393,
    "mean_volume_equivalent_radius_nm_std": 0.0,
    "number_density_per_um2_mean": 37.0,
    "number_density_per_um2_std": 0.0,
    "island_count_mean": 148.0,
    "island_count_std": 0.0
  }
}