{
  "files": [
    {
      "path": "data/experimental/raw/afm/Nis_Ag_40s_2um_003.stp",
      "rows": 256,
      "cols": 256,
      "x_size_um": 2.0,
      "y_size_um": 2.0,
      "dx_nm": 7.8125,
      "dy_nm": 7.8125,
      "z_min_nm": -22.46120468902588,
      "z_max_nm": 24.28490729522705,
      "z_mean_nm": -8.661313182002631,
      "z_std_nm": 10.997598159557839,
      "percentile_p01_nm": -20.08819406890869,
      "percentile_p50_nm": -14.199612159729005,
      "percentile_p99_nm": 16.329004675674447,
      "baseline_nm": -7.129591201523681,
      "threshold_nm": 5.325333454119917,
      "threshold_sigma": 2.6626667270599587,
      "coverage_fraction": 0.5027923583984375,
      "island_count": 115,
      "number_density_per_um2": 28.75,
      "equivalent_thickness_nm": 6.455392452498523,
      "mean_island_height_nm": 10.63792237242809,
      "mean_equivalent_radius_nm": 39.35655337593248,
      "std_equivalent_radius_nm": 63.38613274044656,
      "mean_p95_height_nm": 16.84210221320807,
      "mean_height_equivalent_radius_nm": 5.318961186214045,
      "mean_p95_height_equivalent_radius_nm": 8.421051106604034,
      "mean_volume_equivalent_radius_nm": 20.948211322932327,
      "std_volume_equivalent_radius_nm": 18.38902564194154,
      "mean_volume_nm3": 224535.3896521225
    }
  ],
  "aggregate": {
    "n_files": 1,
    "coverage_fraction_mean": 0.5027923583984375,
    "coverage_fraction_std": 0.0,
    "equivalent_thickness_nm_mean": 6.455392452498523,
    "equivalent_thickness_nm_std": 0.0,
    "mean_equivalent_radius_nm_mean": 39.35655337593248,
    "mean_equivalent_radius_nm_std": 0.0,
    "mean_p95_height_nm_mean": 16.84210221320807,
    "mean_p95_height_nm_std": 0.0,
    "mean_height_equivalent_radius_nm_mean": 5.318961186214045,
    "mean_height_equivalent_radius_nm_std": 0.0,
    "mean_p95_height_equivalent_radius_nm_mean": 8.421051106604034,
    "mean_p95_height_equivalent_radius_nm_std": 0.0,
    "mean_volume_equivalent_radius_nm_mean": 20.948211322932327,
    "mean_volume_equivalent_radius_nm_std": 0.0,
    "number_density_per_um2_mean": 28.75,
    "number_density_per_um2_std": 0.0,
    "island_count_mean": 115.0,
    "island_count_std": 0.0
  }
}