{
  "files": [
    {
      "path": "data/experimental/raw/afm/Nis_Ag_50s_2um_001.stp",
      "rows": 256,
      "cols": 256,
      "x_size_um": 2.0,
      "y_size_um": 2.0,
      "dx_nm": 7.8125,
      "dy_nm": 7.8125,
      "z_min_nm": -12.296890417879592,
      "z_max_nm": 35.419497918658635,
      "z_mean_nm": -0.09876551489777713,
      "z_std_nm": 4.900950589460113,
      "percentile_p01_nm": -6.8539274110520605,
      "percentile_p50_nm": -1.1090549902201532,
      "percentile_p99_nm": 19.24269860297523,
      "baseline_nm": -2.609197298477783,
      "threshold_nm": 1.7789893911405739,
      "threshold_sigma": 0.7115957564562295,
      "coverage_fraction": 0.357879638671875,
      "island_count": 115,
      "hole_count": 10,
      "number_density_per_um2": 28.75,
      "hole_number_density_per_um2": 2.5,
      "equivalent_thickness_nm": 2.2409522620755484,
      "mean_island_height_nm": 4.0188275706068834,
      "mean_equivalent_radius_nm": 48.739785961087705,
      "std_equivalent_radius_nm": 39.83403980498708,
      "mean_hole_equivalent_radius_nm": 37.28984146222504,
      "std_hole_equivalent_radius_nm": 22.914575198812955,
      "mean_p95_height_nm": 7.338030388036773,
      "mean_height_equivalent_radius_nm": 2.0094137853034417,
      "mean_p95_height_equivalent_radius_nm": 3.6690151940183866,
      "mean_volume_equivalent_radius_nm": 18.83556842486049,
      "std_volume_equivalent_radius_nm": 12.423741343595571,
      "mean_volume_nm3": 77946.1656374104
    },
    {
      "path": "data/experimental/raw/afm/Nis_Ag_50s_2um_002.stp",
      "rows": 256,
      "cols": 256,
      "x_size_um": 2.0,
      "y_size_um": 2.0,
      "dx_nm": 7.8125,
      "dy_nm": 7.8125,
      "z_min_nm": -31.768306411743165,
      "z_max_nm": 12.08477362060547,
      "z_mean_nm": -0.018513940151548013,
      "z_std_nm": 2.2982981227408974,
      "percentile_p01_nm": -8.361686798095704,
      "percentile_p50_nm": 0.0,
      "percentile_p99_nm": 9.399268371582032,
      "baseline_nm": -0.6117923268018303,
      "threshold_nm": 0.8775784683501674,
      "threshold_sigma": 0.35103138734006695,
      "coverage_fraction": 0.23516845703125,
      "island_count": 212,
      "hole_count": 0,
      "number_density_per_um2": 53.0,
      "hole_number_density_per_um2": 0.0,
      "equivalent_thickness_nm": 0.36131803924101374,
      "mean_island_height_nm": 1.3633188602258803,
      "mean_equivalent_radius_nm": 34.35931544770246,
      "std_equivalent_radius_nm": 15.225741123204456,
      "mean_hole_equivalent_radius_nm": 0.0,
      "std_hole_equivalent_radius_nm": 0.0,
      "mean_p95_height_nm": 2.061760614260381,
      "mean_height_equivalent_radius_nm": 0.6816594301129402,
      "mean_p95_height_equivalent_radius_nm": 1.0308803071301904,
      "mean_volume_equivalent_radius_nm": 10.528551902746232,
      "std_volume_equivalent_radius_nm": 3.5442495362493247,
      "mean_volume_nm3": 6817.321495113467
    },
    {
      "path": "data/experimental/raw/afm/Nis_Ag_50s_2um_003.stp",
      "rows": 256,
      "cols": 256,
      "x_size_um": 2.0,
      "y_size_um": 2.0,
      "dx_nm": 7.8125,
      "dy_nm": 7.8125,
      "z_min_nm": -12.375909553527833,
      "z_max_nm": -0.23070936584472657,
      "z_mean_nm": -7.75122272221814,
      "z_std_nm": 1.0735629614026552,
      "percentile_p01_nm": -9.288798515319824,
      "percentile_p50_nm": -7.975952362060547,
      "percentile_p99_nm": -3.394723526000977,
      "baseline_nm": -0.5254683629718673,
      "threshold_nm": 0.42743374340768353,
      "threshold_sigma": 0.1709734973630734,
      "coverage_fraction": 0.3282928466796875,
      "island_count": 92,
      "hole_count": 16,
      "number_density_per_um2": 23.0,
      "hole_number_density_per_um2": 4.0,
      "equivalent_thickness_nm": 0.4217367401499686,
      "mean_island_height_nm": 0.9848220565464522,
      "mean_equivalent_radius_nm": 51.45470436696312,
      "std_equivalent_radius_nm": 43.54126819429735,
      "mean_hole_equivalent_radius_nm": 31.5870076019844,
      "std_hole_equivalent_radius_nm": 10.75795368301119,
      "mean_p95_height_nm": 1.779544586120952,
      "mean_height_equivalent_radius_nm": 0.4924110282732261,
      "mean_p95_height_equivalent_radius_nm": 0.889772293060476,
      "mean_volume_equivalent_radius_nm": 12.025170805465816,
      "std_volume_equivalent_radius_nm": 7.500036141183882,
      "mean_volume_nm3": 18336.38000652037
    }
  ],
  "aggregate": {
    "n_files": 3,
    "coverage_fraction_mean": 0.3071136474609375,
    "coverage_fraction_std": 0.052287202924936556,
    "equivalent_thickness_nm_mean": 1.0080023471555102,
    "equivalent_thickness_nm_std": 0.8721761001009213,
    "mean_equivalent_radius_nm_mean": 44.851268591917766,
    "mean_equivalent_radius_nm_std": 7.5012668295849565,
    "mean_p95_height_nm_mean": 3.7264451961393683,
    "mean_p95_height_nm_std": 2.5563740167646514,
    "mean_height_equivalent_radius_nm_mean": 1.0611614145632027,
    "mean_height_equivalent_radius_nm_std": 0.6749521752739643,
    "mean_p95_height_equivalent_radius_nm_mean": 1.8632225980696842,
    "mean_p95_height_equivalent_radius_nm_std": 1.2781870083823257,
    "mean_volume_equivalent_radius_nm_mean": 13.796430377690845,
    "mean_volume_equivalent_radius_nm_std": 3.6152133389164294,
    "number_density_per_um2_mean": 34.916666666666664,
    "number_density_per_um2_std": 13.000534177059375,
    "island_count_mean": 139.66666666666666,
    "island_count_std": 52.0021367082375
  }
}